Antenne Vorarlberg,http://webradio.antennevorarlberg.at:80/lounge,Lounge,Austria
Soundstorm Relax Radio,http://5.2.65.200:8000/,Lounge,Canada
Espace Lounge,http://ice31.infomaniak.ch:8000/espace100-high.mp3,Lounge,France
M2 CHILLOUT,http://live.m2stream.fr/m2chillout-128.mp3,Lounge,France
FFH Digital Lounge,http://mp3.ffh.de/ffhchannels/hqlounge.mp3,Lounge,Germany
rs2 Relax,http://stream.rs2.de/rs2-relax/mp3-128/internetradio/,Lounge,Germany
RMF Chillout,http://217.74.72.11:8000/rmf_chillout,Lounge,Poland
Record Chillout Radio,http://air.radiorecord.ru:8102/chil_320,Lounge,Russia
Relaxation Hisset,http://hisset.in:8000/radio,Lounge,Russia
Traxx FM Lounge,http://ice12.infomaniak.ch:80/traxx004-low.mp3,Lounge,Switzerland
Lounge Radio,http://swisslounge.net:8030/lounge-radio,Lounge,Switzerland
MyRadio Lounge,http://music.myradio.ua/LOUNGE128.mp3,Lounge,Ukraine
Chill,http://81.20.49.11:80/ChillMP3,Lounge,United Kingdom
Bossa Nova Breakfast,http://www.live365.com/play/bossaantiqua?.mp3,Lounge,USA
Chillout Nation,http://69.175.94.98:8069/,Lounge,USA
Massive Movements Radio,http://199.189.111.28:8205/live?.mp3,Lounge,USA
Smooth Lounge,http://sl128.hnux.com/,Lounge,USA