Radio SoundPortal,http://rs8.stream24.net:80/stream,Alternative,Austria
Radio 1,http://icecast6.play.cz:80/radio1-128.mp3,Alternative,Czech Republic
OUÏ FM,http://ice14.infomaniak.ch:80/ouifm2.mp3,Alternative,France
delta radio,http://regiocast.hoerradar.de/deltaradio-alternative128?sABC=54o449q9%230%23r748po1n16q93902139srrs898018714%23yvfgrayvir&amsparams=playerid:listenlive;skey:1421101529,Alternative,Germany
BR Puls,http://br-mp3-puls-m.akacast.akamaistream.net/7/501/142689/v1/gnl.akacast.akamaistream.net/br_mp3_puls_m,Alternative,Germany
RTÉ 2XM,http://icecast2.rte.ie/2xm,Alternative,Ireland
Ultra,http://nashe1.hostingradio.ru:80/ultra-128.mp3,Alternative,Russia
MyRadio Altrnv,http://music.myradio.ua/Trash_Metal128.mp3,Alternative,Ukraine
104 9 XFM,http://81.20.48.12:80/XFMMP3,Alternative,United Kingdom
Nation Radio,http://icy-e-01-cr.sharp-stream.com:80/tcnation.mp3,Alternative,United Kingdom
181 FM The Buzz,http://uplink.duplexfx.com:8126/,Alternative,USA
idobi Radio,http://68.68.105.146:80/,Alternative,USA