Country Radio,http://icecast2.play.cz:8000/country64.mp3,Country,Czech Republic
Music Box,http://www.musicboxtv.com:8000/live,Country,France
Country 108,http://tuner.country108.com:80,Country,Germany
Sunshine 106-8,http://digitalradionetworks.com:8002/,Country,Ireland
Nashville FM,http://server-10.stream-server.nl:8300/,Country,Netherlands
P4 Radio Country,http://mms-live.online.no:80/p4_country,Country,Norway
Русское Радио,http://rr.fmtuner.ru/,Country,Russia
Country Radio Switzerland,http://rs3.radiostreamer.com:9330/,Country,Switzerland
MyRadio Country,http://music.myradio.ua/country128.mp3,Country,Ukraine
MyRadio Украинское,http://music.myradio.ua/onlyukraine128.mp3,Country,Ukraine
181 FM,http://relay.181.fm:8018/,Country,USA
American Road Radio,http://s4.radioboss.fm:8101/,Country,USA
Always Country,http://sc708.c531.fast-serv.com:80/,Country,USA
WAMU Bluegrass Country,http://wamu-2.streamguys.com/?.mp3,Country,USA