Kronehit Dance,http://raj.krone.at:80/kronehit-dance.mp3,Dance,Austria
Kronehit House,http://raj.krone.at:80/kronehit-house.mp3,Dance,Austria
Kronehit Clubland,http://raj.krone.at:80/kronehit-clubland.mp3,Dance,Austria
Radio FG,http://radiofg.impek.com:80/fga,Dance,Belgium
Top Radio,http://loadbalancing.topradio.be/topradio.mp3,Dance,Belgium
Club Music Radio Dance,http://cmr-hosting.com:8020/,Dance,Croatia
ClubRadio,http://icecast2.play.cz:8000/Clubradio.mp3,Dance,Czech Republic
Dance Radio,http://icecast6.play.cz:80/dance-radio128.mp3,Dance,Czech Republic
Evropa 2 Movin,http://pool.cdn.lagardere.cz/web-e2-movin,Dance,Czech Republic
Espace Dance Floor,http://ice37.infomaniak.ch:8000/espace-dancefloor-high.mp3,Dance,France
HotmixRadio Dance,http://streamingads.hotmixradio.fm/hotmixradio-dance-128.mp3,Dance,France
M2 Club,http://live.m2stream.fr/m2club-128.mp3,Dance,France
NRJ Clubbin,http://adwzg3.tdf-cdn.com/8515/nrj_163357.mp3,Dance,France
NRJ Dance,http://adwzg3.tdf-cdn.com/8496/nrj_172504.mp3,Dance,France
NRJ Extravadance,http://adwzg3.tdf-cdn.com/8538/nrj_177788.mp3,Dance,France
Radio FG,http://radiofg.impek.com/fg.mp3,Dance,France
Radio FG Underground,http://radiofg.impek.com/ufg.mp3,Dance,France
Radio FG Chic,http://radiofg.impek.com:80/fgc,Dance,France
Radio FG America,http://radiofg.impek.com:80/fg6,Dance,France
Radio FG Dance,http://radiofg.impek.com:80/fgd,Dance,France
Radio FG Classics,http://radiofg.impek.com/fgv.mp3,Dance,France
Puls Radio,http://icecast.pulsradio.com:80/pulsHD.mp3,Dance,France
Paris-One Club,http://streaming.radionomy.com/parisoneclub,Dance,France
Paris-One Reverse,http://streaming.radionomy.com/parisonereverse,Dance,France
Paris-One Deeper,http://streaming.radionomy.com/parisonedeeper,Dance,France
Paris-One Trance,http://streaming.radionomy.com/parisonetrance,Dance,France
Paris-One Dance,http://streaming.radionomy.com/parisonedance,Dance,France
Ballermann Radio,http://s7.pop-stream.de:8010/,Dance,Germany
FFH Digital Eurodance,http://mp3.ffh.de/ffhchannels/eurodance.mp3,Dance,Germany
You FM Club,http://gffstream.ic.llnwd.net/stream/gffstream_mp3_w76a,Dance,Germany
Sunshine Live,http://stream.hoerradar.de/sunshinelive-mp3-128,Dance,Germany
m2o,http://mp3.kataweb.it:8000/M2O,Dance,Italy
Antenna 5 Dance,http://217.16.69.17:8000/dancehits.mp3,Dance,Macedonia
Club FM,http://176.9.117.123:9996/,Dance,Macedonia
NRJ,http://mms-live.online.no/p4_nrj_mp3_hq,Dance,Norway
P4 Hits,http://mms-live.online.no/p4_hits_mp3_mq,Dance,Norway
P4 Pop,http://mms-live.online.no/p4_tema_mp3_mq,Dance,Norway
P4 Mix,http://mms-live.online.no/p4_p10mix_mp3_mq,Dance,Norway
Dинамит FM,http://dfm.fmtuner.ru/,Dance,Russia
Europa Plus,http://de03.streamr.ru:8030/ep128,Dance,Russia
Радио ENERGY,http://ru1.101.ru:8000/v1_1,Dance,Russia
Radio Record,http://air.radiorecord.ru:8101/rr_128,Dance,Russia
Record Club Radio,http://air.radiorecord.ru:8102/club_320,Dance,Russia
Fun Radio Dance,http://stream.funradio.sk:8000/dance64.mp3,Dance,Slovakia
Maxima FM,http://194.169.201.177:8085/liveMaxima.mp3,Dance,Spain
Radio Seven,http://188.65.152.205:8500/,Dance,Sweden
Energy Dance,http://ice13.infomaniak.ch:80/energydance-high.mp3,Dance,Switzerland
Rouge Platine,http://ice12.infomaniak.ch:80/rougeplatine-high.mp3,Dance,Switzerland
Rouge Dance,http://ice30.infomaniak.ch:8000/rouge-dance-128.mp3,Dance,Switzerland
Traxx FM Electro,http://ice19.infomaniak.ch:80/traxx003-low.mp3,Dance,Switzerland
Traxx FM House,http://ice19.infomaniak.ch:80/traxx002-low.mp3,Dance,Switzerland
Traxx FM Deep,http://ice6.infomaniak.ch:80/traxx013-low.mp3,Dance,Switzerland
MyRadio Dance Club,http://music.myradio.ua/dance128.mp3,Dance,Ukraine
MyRadio Electro House,http://music.myradio.ua/Electro-House128.mp3,Dance,Ukraine
MyRadio Trance & Progressive,http://music.myradio.ua/trance128.mp3,Dance,Ukraine
NonStopPlay,http://stream.nonstopplay.co.uk/nsp-128k-mp3,Dance,United Kingdom
Dance Mix America,http://streaming.streamonomy.com/GIRL,Dance,USA
Digitally Imported Progressive,http://pub5.di.fm:80/di_progressive,Dance,USA
Dubstep Radio,http://198.15.94.34:8018/stream,Dance,USA
ElectricFM,http://streaming.streamonomy.com/ElectricFM,Dance,USA
RHYTHM 86,http://rhythm86.linkpc.net:8000/,Dance,USA