Antenne Vorarlberg Black Beats,http://webradio.antennevorarlberg.at/blackbeats,Hip-Hop,Austria
Kronehit Black,http://raj.krone.at:80/kronehit-black.mp3,Hip-Hop,Austria
Move FM,http://91.121.223.159:8000/move,Hip-Hop,Belgium
Radio Contact RnB,http://audiostream.rtl.be/contactrnb,Hip-Hop,Belgium
Le Rapologue Radio,http://streaming201.radionomy.com:80/LeRapologueRadio,Hip-Hop,Canada
WEFUNK Radio,http://shoutcast.wefunk.cdn.digvm.com:81/,Hip-Hop,Canada
Fajn Radio Black,http://ice.abradio.cz:80/fajnblack128.mp3,Hip-Hop,Czech Republic
Rádio Spin,http://icecast4.play.cz:80/spin128.mp3,Hip-Hop,Czech Republic
Ado FM,http://ice12.infomaniak.ch:80/start-adofm-high.mp3,Hip-Hop,France
Generations 88.2,http://ice7.infomaniak.ch:80/generationfm-high.mp3,Hip-Hop,France
Generations R&B Soul,http://ice15.infomaniak.ch:80/generationfm-slowjam-high.mp3,Hip-Hop,France
Generations Rap FR,http://ice15.infomaniak.ch:80/generationfm-rap-high.mp3,Hip-Hop,France
Generations Rap US,http://ice15.infomaniak.ch:80/generationfm-underground-high.mp3,Hip-Hop,France
NRJ RnB,http://adwzg3.tdf-cdn.com/8487/nrj_171401.mp3,Hip-Hop,France
Radio Laser,http://217.128.133.215:8000/stream.mp3,Hip-Hop,France
Urban Hit,http://ice12.infomaniak.ch:80/onlyrai-high.mp3,Hip-Hop,France
Antenne Bayern Black Beatz,http://mp3channels.webradio.antenne.de/black-beatz,Hip-Hop,Germany
DasDing Sprechstunde,http://swr-mp3-m-dasdingraka02.akacast.akamaistream.net/7/91/137151/v1/gnl.akacast.akamaistream.net/swr-mp3-m-dasdingraka02,Hip-Hop,Germany
HR You FM Black Musicstream,http://gffstream.ic.llnwd.net/stream/gffstream_mp3_w75a,Hip-Hop,Germany
Kiss FM,http://stream.kissfm.de/kissfm/mp3-128/internetradio/,Hip-Hop,Germany
Kiss FM RnB,http://stream.kissfm.de/kissfm-rnb/mp3-128/internetradio/,Hip-Hop,Germany
Kiss FM Raps,http://stream.kissfm.de/kissfm-raps/mp3-128/internetradio/,Hip-Hop,Germany
FunX NL,http://icecast.omroep.nl:80/funx-sb-mp3,Hip-Hop,Netherlands
RMF Hip Hop,http://31.192.216.4:8000/rmf_hip_hop,Hip-Hop,Poland
RMF R&B,http://195.150.20.242:8000/rmf_rnb,Hip-Hop,Poland
Eska Rap,http://publish.acdn.smcloud.net:8000/t002-1.mp3,Hip-Hop,Poland
Eska RnB,http://publish.acdn.smcloud.net:8000/t003-1.mp3,Hip-Hop,Poland
Record Trap,http://air.radiorecord.ru:8102/trap_320,Hip-Hop,Russia
Fun Radio,http://stream.funradio.sk:8000/hiphop128.mp3,Hip-Hop,Slovakia
The Voice,http://194.16.21.227:8000/voice_se_mp3,Hip-Hop,Sweden
Energy Black,http://ice5.infomaniak.ch:80/energyblack-high.mp3,Hip-Hop,Switzerland
Rouge,http://ice32.infomaniak.ch:8000/rouge-rnb-128.mp3,Hip-Hop,Switzerland
Traxx FM,http://ice13.infomaniak.ch:80/traxx007-low.mp3,Hip-Hop,Switzerland
MyRadio Русский Рэп,http://music.myradio.ua/rep128.mp3,Hip-Hop,Ukraine
MyRadio RNB,http://music.myradio.ua:8000/RnB128.mp3,Hip-Hop,Ukraine
Capital XTRA,http://81.20.48.12:80/CapitalXTRANationalMP3,Hip-Hop,United Kingdom
1 POWER,http://powerhitz.powerhitz.com:5040/,Hip-Hop,USA
DEFJAY RnB,http://212.45.104.39:8008/,Hip-Hop,USA
HOT 108 JAMZ,http://108.61.30.179:4020/,Hip-Hop,USA
Mobb Report Radio,http://majestic.wavestreamer.com:7638/Live,Hip-Hop,USA
MyRadio Network,http://myradionetwork.serverroom.us:5056/,Hip-Hop,USA
Street Style Radio,http://fire.wavestreamer.com:5709/,Hip-Hop,USA